id,last_page,gender,age,main_mode,travel_time,priv_avail,carpool_avail,walk_avail,transit_avail,taxi_avail,moto_avail,no_second_mode,status,yr_stud,yr_emp,st_drive,st_drive_gen,st_pass,st_pass_gen,st_n_pass,st_n pass_gen,emp_drive,emp_drive_gen,emp_pass,emp_pass_gen,S1,S2,S3,S4,CHOICE1,CHOICE2,CHOICE3,CHOICE4
7,13,2,23,1,8,1,0,1,0,1,0,0,1,6,-1,3,3,3,3,-1,-1,-1,-1,-1,-1,3,3,3,3,2,2,2,2
8,13,1,22,1,10,1,0,1,0,0,0,0,1,6,-1,3,2,4,2,-1,-1,-1,-1,-1,-1,3,2,4,2,2,1,3,1
9,13,2,21,1,5,1,0,1,0,0,0,0,1,2,-1,3,3,3,3,-1,-1,-1,-1,-1,-1,3,3,3,3,2,2,2,2
10,13,2,22,1,60,1,1,0,0,0,0,0,1,5,-1,2,2,3,3,-1,-1,-1,-1,-1,-1,2,2,3,3,1,1,2,2
11,13,2,22,4,20,1,0,0,0,0,0,0,1,5,-1,-1,-1,-1,-1,2,3,-1,-1,-1,-1,-1,-1,2,3,-1,-1,1,2
12,13,2,22,1,5,1,1,1,1,0,0,0,1,5,-1,3,4,3,3,-1,-1,-1,-1,-1,-1,3,4,3,3,2,3,2,2
13,13,2,23,1,120,1,1,1,0,0,0,0,1,6,-1,1,3,1,3,-1,-1,-1,-1,-1,-1,1,3,1,3,1,2,1,2
14,13,2,23,1,10,1,0,0,0,0,0,1,1,5,-1,3,5,2,4,-1,-1,-1,-1,-1,-1,3,5,2,4,2,3,1,3
15,13,2,21,4,20,1,0,0,0,0,0,0,1,4,-1,-1,-1,-1,-1,4,3,-1,-1,-1,-1,-1,-1,4,3,-1,-1,3,2
16,13,1,22,1,8,1,0,0,1,0,0,0,1,5,-1,1,2,3,4,-1,-1,-1,-1,-1,-1,1,2,3,4,1,1,2,3
17,13,1,24,1,10,1,0,0,1,0,0,0,1,6,-1,1,4,1,4,-1,-1,-1,-1,-1,-1,1,4,1,4,1,3,1,3
18,13,2,24,1,8,1,0,0,0,0,0,1,1,6,-1,2,2,4,4,-1,-1,-1,-1,-1,-1,2,2,4,4,1,1,3,3
19,13,2,22,1,10,1,1,1,0,0,0,0,1,5,-1,1,4,2,4,-1,-1,-1,-1,-1,-1,1,4,2,4,1,3,1,3
20,13,2,21,1,20,1,1,0,0,0,0,0,1,4,-1,2,4,2,4,-1,-1,-1,-1,-1,-1,2,4,2,4,1,3,1,3
21,13,1,20,4,15,0,1,0,0,0,0,0,1,4,-1,-1,-1,-1,-1,3,3,-1,-1,-1,-1,-1,-1,3,3,-1,-1,2,2
22,13,2,22,1,5,1,0,1,0,0,0,0,1,5,-1,1,5,3,5,-1,-1,-1,-1,-1,-1,1,5,3,5,1,3,2,3
23,13,2,23,4,20,0,0,0,0,0,0,1,1,5,-1,-1,-1,-1,-1,1,5,-1,-1,-1,-1,-1,-1,1,5,-1,-1,1,3
24,13,1,23,1,45,1,1,0,0,0,0,0,1,6,-1,4,1,2,2,-1,-1,-1,-1,-1,-1,4,1,2,2,3,1,1,1
25,13,2,24,1,15,1,0,0,1,0,0,0,1,6,-1,2,3,3,3,-1,-1,-1,-1,-1,-1,2,3,3,3,1,2,2,2
26,13,2,23,1,6,1,0,1,0,0,0,0,1,6,-1,3,3,4,2,-1,-1,-1,-1,-1,-1,3,3,4,2,2,2,3,1
27,13,2,21,4,20,1,0,0,0,0,0,0,1,2,-1,-1,-1,-1,-1,1,5,-1,-1,-1,-1,-1,-1,1,5,-1,-1,1,3
28,13,1,23,1,8,1,0,1,0,0,0,0,1,6,-1,2,3,2,3,-1,-1,-1,-1,-1,-1,2,3,2,3,1,2,1,2
29,13,2,36,1,10,1,1,0,0,1,0,0,4,-1,3,-1,-1,-1,-1,-1,-1,1,5,2,5,1,5,2,5,1,3,1,3
30,13,2,24,4,5,1,0,0,0,0,0,0,1,6,-1,-1,-1,-1,-1,2,5,-1,-1,-1,-1,-1,-1,2,5,-1,-1,1,3
31,13,2,24,1,7,1,1,0,0,0,0,0,1,6,-1,1,5,1,5,-1,-1,-1,-1,-1,-1,1,5,1,5,1,3,1,3
32,13,1,18,1,35,1,1,0,0,0,0,0,1,2,-1,3,3,3,3,-1,-1,-1,-1,-1,-1,3,3,3,3,2,2,2,2
33,13,1,19,2,5,1,0,1,0,0,0,0,1,3,-1,-1,-1,-1,-1,2,4,-1,-1,-1,-1,-1,-1,2,4,-1,-1,1,3
34,13,1,18,4,15,1,0,0,0,0,0,0,1,2,-1,-1,-1,-1,-1,3,2,-1,-1,-1,-1,-1,-1,3,2,-1,-1,2,1
35,13,2,20,1,25,1,1,0,0,0,0,0,1,3,-1,4,2,4,4,-1,-1,-1,-1,-1,-1,4,2,4,4,3,1,3,3
36,13,2,20,4,15,1,0,0,0,0,0,0,1,3,-1,-1,-1,-1,-1,2,4,-1,-1,-1,-1,-1,-1,2,4,-1,-1,1,3
37,13,2,21,1,180,1,0,0,0,0,0,1,1,3,-1,2,3,2,3,-1,-1,-1,-1,-1,-1,2,3,2,3,1,2,1,2
38,13,2,19,4,20,0,1,0,0,0,0,0,1,2,-1,-1,-1,-1,-1,1,5,-1,-1,-1,-1,-1,-1,1,5,-1,-1,1,3
40,13,2,19,1,40,1,1,0,0,0,0,0,1,2,-1,2,3,2,4,-1,-1,-1,-1,-1,-1,2,3,2,4,1,2,1,3
41,13,2,18,1,5,1,0,1,0,0,0,0,1,2,-1,3,1,1,5,-1,-1,-1,-1,-1,-1,3,1,1,5,2,1,1,3
42,13,2,24,1,10,1,1,0,0,0,0,0,1,6,-1,2,4,2,4,-1,-1,-1,-1,-1,-1,2,4,2,4,1,3,1,3
43,13,1,19,4,15,0,1,0,0,0,0,0,1,2,-1,-1,-1,-1,-1,2,3,-1,-1,-1,-1,-1,-1,2,3,-1,-1,1,2
44,13,1,20,4,20,0,0,0,0,0,0,0,1,3,-1,-1,-1,-1,-1,2,3,-1,-1,-1,-1,-1,-1,2,3,-1,-1,1,2
45,13,1,19,4,16,1,1,0,0,0,0,0,1,2,-1,-1,-1,-1,-1,2,5,-1,-1,-1,-1,-1,-1,2,5,-1,-1,1,3
46,13,2,19,1,5,1,0,1,0,0,0,0,1,2,-1,3,3,4,3,-1,-1,-1,-1,-1,-1,3,3,4,3,2,2,3,2
47,13,1,21,1,8,1,1,0,0,0,0,0,1,4,-1,2,2,3,1,-1,-1,-1,-1,-1,-1,2,2,3,1,1,1,2,1
48,13,2,19,4,10,0,0,0,0,0,0,1,1,2,-1,-1,-1,-1,-1,3,3,-1,-1,-1,-1,-1,-1,3,3,-1,-1,2,2
49,13,2,20,1,10,1,0,1,0,0,0,0,1,3,-1,4,3,2,3,-1,-1,-1,-1,-1,-1,4,3,2,3,3,2,1,2
50,13,1,18,4,25,1,1,0,0,0,0,0,1,2,-1,-1,-1,-1,-1,2,3,-1,-1,-1,-1,-1,-1,2,3,-1,-1,1,2
51,13,2,21,1,20,1,0,0,0,0,0,1,1,2,-1,3,3,2,4,-1,-1,-1,-1,-1,-1,3,3,2,4,2,2,1,3
52,13,1,21,4,21,1,1,1,0,0,0,0,1,2,-1,-1,-1,-1,-1,4,4,-1,-1,-1,-1,-1,-1,4,4,-1,-1,3,3
53,12,1,19,4,20,0,1,0,0,0,0,0,1,1,-1,-1,-1,-1,-1,2,3,-1,-1,-1,-1,-1,-1,2,3,-1,-1,1,2
54,13,2,19,1,5,1,0,1,0,0,0,0,1,2,-1,1,5,1,5,-1,-1,-1,-1,-1,-1,1,5,1,5,1,3,1,3
55,13,1,21,1,10,1,0,1,0,0,0,0,1,2,-1,3,2,1,3,-1,-1,-1,-1,-1,-1,3,2,1,3,2,1,1,2
56,13,1,19,4,20,1,0,0,0,0,0,0,1,2,-1,-1,-1,-1,-1,3,1,-1,-1,-1,-1,-1,-1,3,1,-1,-1,2,1
57,13,2,27,1,10,1,0,0,0,0,0,1,1,6,-1,2,5,2,5,-1,-1,-1,-1,-1,-1,2,5,2,5,1,3,1,3
58,13,2,19,4,15,1,1,0,0,0,0,0,1,2,-1,-1,-1,-1,-1,1,5,-1,-1,-1,-1,-1,-1,1,5,-1,-1,1,3
59,13,2,20,4,15,1,0,1,0,0,0,0,1,2,-1,-1,-1,-1,-1,1,5,-1,-1,-1,-1,-1,-1,1,5,-1,-1,1,3
62,13,2,19,4,20,0,0,0,0,0,0,1,2,2,-1,-1,-1,-1,-1,1,5,-1,-1,-1,-1,-1,-1,1,5,-1,-1,1,3
64,13,1,20,4,15,1,0,0,0,0,0,0,1,3,-1,-1,-1,-1,-1,5,1,-1,-1,-1,-1,-1,-1,5,1,-1,-1,3,1
65,13,1,19,1,30,1,0,0,0,0,0,1,1,2,-1,2,3,3,3,-1,-1,-1,-1,-1,-1,2,3,3,3,1,2,2,2
66,13,1,19,1,5,1,1,0,0,0,0,0,1,2,-1,2,3,2,2,-1,-1,-1,-1,-1,-1,2,3,2,2,1,2,1,1
67,13,2,19,2,20,1,0,0,0,1,0,0,1,2,-1,-1,-1,-1,-1,1,3,-1,-1,-1,-1,-1,-1,1,3,-1,-1,1,2
68,13,2,19,1,30,1,1,0,0,0,0,0,1,2,-1,1,5,1,5,-1,-1,-1,-1,-1,-1,1,5,1,5,1,3,1,3
69,13,2,25,4,15,1,0,1,0,0,0,0,1,6,-1,-1,-1,-1,-1,1,5,-1,-1,-1,-1,-1,-1,1,5,-1,-1,1,3
70,13,1,19,1,10,1,1,0,0,0,0,0,1,2,-1,3,2,3,2,-1,-1,-1,-1,-1,-1,3,2,3,2,2,1,2,1
71,13,2,21,1,10,1,0,1,0,0,0,0,1,4,-1,3,2,4,2,-1,-1,-1,-1,-1,-1,3,2,4,2,2,1,3,1
72,13,2,18,1,15,1,0,1,0,0,0,0,1,2,-1,1,5,1,3,-1,-1,-1,-1,-1,-1,1,5,1,3,1,3,1,2
73,13,1,20,4,15,1,0,0,0,0,0,0,1,2,-1,-1,-1,-1,-1,4,3,-1,-1,-1,-1,-1,-1,4,3,-1,-1,3,2
74,13,2,23,4,20,1,0,0,0,0,0,0,1,5,-1,-1,-1,-1,-1,3,3,-1,-1,-1,-1,-1,-1,3,3,-1,-1,2,2
76,13,2,19,1,40,1,0,0,0,0,0,1,1,2,-1,2,3,3,3,-1,-1,-1,-1,-1,-1,2,3,3,3,1,2,2,2
77,13,2,20,1,5,1,1,1,0,0,0,0,1,3,-1,3,3,3,3,-1,-1,-1,-1,-1,-1,3,3,3,3,2,2,2,2
78,13,2,20,1,30,1,1,0,0,0,0,0,1,3,-1,3,3,4,4,-1,-1,-1,-1,-1,-1,3,3,4,4,2,2,3,3
79,13,2,19,1,40,1,1,0,0,0,0,0,1,2,-1,3,5,3,5,-1,-1,-1,-1,-1,-1,3,5,3,5,2,3,2,3
80,13,2,24,1,25,1,0,0,0,0,0,0,1,2,-1,4,3,4,3,-1,-1,-1,-1,-1,-1,4,3,4,3,3,2,3,2
81,13,2,19,1,15,1,1,0,0,0,0,0,1,2,-1,4,2,3,3,-1,-1,-1,-1,-1,-1,4,2,3,3,3,1,2,2
82,13,2,19,1,5,1,0,0,0,0,0,1,1,2,-1,1,5,1,5,-1,-1,-1,-1,-1,-1,1,5,1,5,1,3,1,3
83,13,1,19,1,10,1,1,0,0,0,0,0,1,1,-1,3,3,3,3,-1,-1,-1,-1,-1,-1,3,3,3,3,2,2,2,2
84,13,2,19,1,8,1,1,0,0,0,0,0,1,2,-1,3,3,2,3,-1,-1,-1,-1,-1,-1,3,3,2,3,2,2,1,2
85,13,2,19,4,15,1,0,0,0,0,0,0,1,2,-1,-1,-1,-1,-1,1,5,-1,-1,-1,-1,-1,-1,1,5,-1,-1,1,3
86,13,1,19,4,18,0,1,0,0,0,0,0,1,2,-1,-1,-1,-1,-1,1,3,-1,-1,-1,-1,-1,-1,1,3,-1,-1,1,2
87,13,1,19,4,16,1,0,0,0,0,0,0,1,2,-1,-1,-1,-1,-1,3,4,-1,-1,-1,-1,-1,-1,3,4,-1,-1,2,3
88,13,2,19,4,15,0,1,0,1,0,0,0,1,1,-1,-1,-1,-1,-1,2,5,-1,-1,-1,-1,-1,-1,2,5,-1,-1,1,3
89,13,2,20,4,20,1,1,0,1,0,0,0,1,3,-1,-1,-1,-1,-1,1,3,-1,-1,-1,-1,-1,-1,1,3,-1,-1,1,2
90,13,2,19,1,40,1,0,1,0,0,0,0,1,1,-1,4,2,3,3,-1,-1,-1,-1,-1,-1,4,2,3,3,3,1,2,2
91,13,2,19,1,40,1,0,1,0,0,0,0,1,1,-1,4,2,3,3,-1,-1,-1,-1,-1,-1,4,2,3,3,3,1,2,2
92,13,2,19,1,40,1,0,1,0,0,0,0,1,1,-1,4,2,3,3,-1,-1,-1,-1,-1,-1,4,2,3,3,3,1,2,2
93,13,1,19,4,15,1,0,0,0,0,0,0,1,2,-1,-1,-1,-1,-1,2,4,-1,-1,-1,-1,-1,-1,2,4,-1,-1,1,3
95,12,1,25,1,3,1,1,0,0,0,0,0,1,5,-1,3,3,4,2,-1,-1,-1,-1,-1,-1,3,3,4,2,2,2,3,1
96,13,2,19,4,15,1,1,0,0,0,0,0,1,2,-1,-1,-1,-1,-1,1,5,-1,-1,-1,-1,-1,-1,1,5,-1,-1,1,3
97,13,2,19,2,155,0,0,0,1,0,0,0,1,2,-1,-1,-1,-1,-1,5,1,-1,-1,-1,-1,-1,-1,5,1,-1,-1,3,1
98,13,2,19,1,7,1,1,1,0,0,0,0,1,2,-1,2,2,3,3,-1,-1,-1,-1,-1,-1,2,2,3,3,1,1,2,2
99,13,2,24,1,10,1,0,1,0,0,0,0,1,6,-1,1,3,2,4,-1,-1,-1,-1,-1,-1,1,3,2,4,1,2,1,3
100,13,2,20,1,15,1,1,0,0,0,0,0,1,4,-1,3,3,3,3,-1,-1,-1,-1,-1,-1,3,3,3,3,2,2,2,2
101,13,2,19,1,5,1,0,1,0,0,0,0,1,1,-1,3,3,4,2,-1,-1,-1,-1,-1,-1,3,3,4,2,2,2,3,1
102,13,2,19,1,30,1,0,0,0,0,0,1,1,2,-1,3,4,3,4,-1,-1,-1,-1,-1,-1,3,4,3,4,2,3,2,3
103,13,2,21,1,120,1,1,1,1,0,0,0,1,4,-1,3,1,3,3,-1,-1,-1,-1,-1,-1,3,1,3,3,2,1,2,2
104,13,2,27,1,10,1,0,0,0,0,0,1,1,6,-1,1,5,1,5,-1,-1,-1,-1,-1,-1,1,5,1,5,1,3,1,3
105,13,1,23,1,18,1,0,0,0,0,0,0,1,6,-1,3,3,3,3,-1,-1,-1,-1,-1,-1,3,3,3,3,2,2,2,2
106,13,2,51,1,15,1,0,0,1,0,0,0,4,-1,1,-1,-1,-1,-1,-1,-1,2,4,2,4,2,4,2,4,1,3,1,3
108,13,1,31,1,15,1,0,0,0,0,0,1,2,6,-1,1,4,1,4,-1,-1,-1,-1,-1,-1,1,4,1,4,1,3,1,3
109,13,2,57,1,20,1,1,0,0,0,0,0,4,-1,4,-1,-1,-1,-1,-1,-1,1,5,1,5,1,5,1,5,1,3,1,3
110,13,2,61,1,40,1,0,0,0,0,0,1,4,-1,4,-1,-1,-1,-1,-1,-1,3,3,3,3,3,3,3,3,2,2,2,2
114,11,4,33,1,20,1,1,0,0,0,0,0,4,-1,3,-1,-1,-1,-1,-1,-1,-1,-1,-1,-1,-1,-1,-1,-1,-1,-1,-1,-1
116,13,2,55,1,15,1,0,0,0,0,0,0,4,-1,4,-1,-1,-1,-1,-1,-1,1,5,1,5,1,5,1,5,1,3,1,3
118,13,1,50,1,30,1,0,0,0,0,0,1,3,-1,4,-1,-1,-1,-1,-1,-1,3,2,3,2,3,2,3,2,2,1,2,1
119,13,2,68,1,10,1,1,0,0,0,0,0,4,-1,4,-1,-1,-1,-1,-1,-1,4,2,4,2,4,2,4,2,3,1,3,1
121,13,2,25,1,30,1,1,0,0,0,0,0,2,6,-1,4,3,3,3,-1,-1,-1,-1,-1,-1,4,3,3,3,3,2,2,2
122,9,2,25,1,10,1,1,0,0,0,0,0,2,6,-1,-1,-1,-1,-1,-1,-1,-1,-1,-1,-1,-1,-1,-1,-1,-1,-1,-1,-1
123,13,2,25,1,25,1,1,0,0,0,0,0,1,6,-1,4,3,4,3,-1,-1,-1,-1,-1,-1,4,3,4,3,3,2,3,2
124,13,2,64,1,15,1,0,1,0,0,0,0,4,-1,4,-1,-1,-1,-1,-1,-1,1,4,1,4,1,4,1,4,1,3,1,3
125,13,2,22,1,15,1,1,0,0,0,0,0,1,6,-1,3,3,3,3,-1,-1,-1,-1,-1,-1,3,3,3,3,2,2,2,2
127,13,2,56,1,30,1,0,0,0,0,0,1,4,-1,4,-1,-1,-1,-1,-1,-1,4,3,3,3,4,3,3,3,3,2,2,2
128,13,1,33,1,50,1,0,0,0,0,0,0,4,-1,3,-1,-1,-1,-1,-1,-1,2,3,3,3,2,3,3,3,1,2,2,2
129,13,2,22,1,180,1,0,0,0,0,0,0,1,5,-1,3,3,3,3,-1,-1,-1,-1,-1,-1,3,3,3,3,2,2,2,2
131,13,1,24,1,10,1,0,0,0,0,0,1,1,6,-1,3,3,3,2,-1,-1,-1,-1,-1,-1,3,3,3,2,2,2,2,1
133,13,1,21,1,15,1,0,0,0,0,0,1,1,4,-1,3,3,5,1,-1,-1,-1,-1,-1,-1,3,3,5,1,2,2,3,1
134,13,1,21,1,10,1,0,1,0,0,0,0,1,4,-1,3,1,3,1,-1,-1,-1,-1,-1,-1,3,1,3,1,2,1,2,1
135,13,1,20,1,25,1,0,0,0,0,0,1,1,4,-1,3,1,5,1,-1,-1,-1,-1,-1,-1,3,1,5,1,2,1,3,1
136,13,1,52,1,15,1,0,0,0,0,0,1,4,-1,4,-1,-1,-1,-1,-1,-1,3,4,4,4,3,4,4,4,2,3,3,3
138,13,1,20,1,45,1,1,0,0,0,0,0,1,4,-1,4,2,3,2,-1,-1,-1,-1,-1,-1,4,2,3,2,3,1,2,1
139,12,1,19,1,30,1,0,0,0,0,0,1,1,2,-1,4,3,4,3,-1,-1,-1,-1,-1,-1,4,3,4,3,3,2,3,2
140,9,2,20,1,15,1,1,0,0,0,0,0,1,3,-1,-1,-1,-1,-1,-1,-1,-1,-1,-1,-1,-1,-1,-1,-1,-1,-1,-1,-1
141,13,2,20,4,9,1,0,0,0,0,0,0,1,3,-1,-1,-1,-1,-1,2,5,-1,-1,-1,-1,-1,-1,2,5,-1,-1,1,3
142,13,1,20,1,30,1,0,0,0,0,0,1,1,3,-1,3,3,3,3,-1,-1,-1,-1,-1,-1,3,3,3,3,2,2,2,2
143,13,2,22,1,20,1,1,0,0,0,0,0,1,4,-1,3,2,3,3,-1,-1,-1,-1,-1,-1,3,2,3,3,2,1,2,2
147,13,1,20,1,10.15,1,1,1,0,0,0,0,1,4,-1,4,2,3,1,-1,-1,-1,-1,-1,-1,4,2,3,1,3,1,2,1
148,13,4,20,1,15,1,1,1,0,0,0,0,1,3,-1,5,1,5,1,-1,-1,-1,-1,-1,-1,5,1,5,1,3,1,3,1
149,13,2,22,4,15,1,0,0,0,0,0,0,1,5,-1,-1,-1,-1,-1,4,3,-1,-1,-1,-1,-1,-1,4,3,-1,-1,3,2
151,13,2,21,1,25,1,1,0,0,0,0,0,1,3,-1,2,3,2,3,-1,-1,-1,-1,-1,-1,2,3,2,3,1,2,1,2
153,13,1,21,1,30,1,0,0,0,0,0,1,1,2,-1,2,4,3,2,-1,-1,-1,-1,-1,-1,2,4,3,2,1,3,2,1
154,13,1,19,1,45,1,1,0,0,0,0,0,1,2,-1,2,5,2,4,-1,-1,-1,-1,-1,-1,2,5,2,4,1,3,1,3
155,13,2,19,1,10,1,0,1,0,0,0,0,1,2,-1,2,5,2,5,-1,-1,-1,-1,-1,-1,2,5,2,5,1,3,1,3
157,13,1,51,1,60,1,0,0,0,0,0,1,4,-1,4,-1,-1,-1,-1,-1,-1,2,1,2,1,2,1,2,1,1,1,1,1
158,13,2,23,1,6,1,0,0,0,0,0,1,1,5,-1,1,3,2,4,-1,-1,-1,-1,-1,-1,1,3,2,4,1,2,1,3
159,13,1,20,4,20,1,0,0,0,0,0,0,1,3,-1,-1,-1,-1,-1,3,4,-1,-1,-1,-1,-1,-1,3,4,-1,-1,2,3
162,13,1,20,4,15,1,0,0,0,0,0,0,1,2,-1,-1,-1,-1,-1,2,4,-1,-1,-1,-1,-1,-1,2,4,-1,-1,1,3
164,13,1,18,1,15,1,1,0,0,0,0,0,1,2,-1,1,4,4,3,-1,-1,-1,-1,-1,-1,1,4,4,3,1,3,3,2
165,13,2,20,1,100,1,0,0,0,0,0,1,1,3,-1,2,2,2,2,-1,-1,-1,-1,-1,-1,2,2,2,2,1,1,1,1
166,13,1,18,1,60,1,0,0,0,0,0,1,1,1,-1,3,1,3,3,-1,-1,-1,-1,-1,-1,3,1,3,3,2,1,2,2
168,13,2,19,1,30,1,1,0,0,0,0,0,1,2,-1,4,2,4,2,-1,-1,-1,-1,-1,-1,4,2,4,2,3,1,3,1
170,13,2,19,1,25,1,1,0,0,0,0,0,1,2,-1,1,3,1,3,-1,-1,-1,-1,-1,-1,1,3,1,3,1,2,1,2
171,13,2,19,1,7,1,0,0,0,0,0,0,1,2,-1,2,4,4,4,-1,-1,-1,-1,-1,-1,2,4,4,4,1,3,3,3
172,12,2,19,2,30,1,0,0,0,0,0,0,1,1,-1,-1,-1,-1,-1,1,5,-1,-1,-1,-1,-1,-1,1,5,-1,-1,1,3
173,13,2,19,1,20,1,1,0,0,0,0,0,1,1,-1,3,3,3,3,-1,-1,-1,-1,-1,-1,3,3,3,3,2,2,2,2
174,13,1,19,1,15,1,0,0,0,0,0,1,1,2,-1,3,5,3,3,-1,-1,-1,-1,-1,-1,3,5,3,3,2,3,2,2
175,13,2,19,2,15,1,0,0,0,0,0,0,1,2,-1,-1,-1,-1,-1,1,5,-1,-1,-1,-1,-1,-1,1,5,-1,-1,1,3
176,13,1,18,1,3,1,0,1,0,0,0,0,1,1,-1,1,2,3,1,-1,-1,-1,-1,-1,-1,1,2,3,1,1,1,2,1
177,12,1,19,1,8,1,0,1,0,0,0,0,1,2,-1,3,4,3,3,-1,-1,-1,-1,-1,-1,3,4,3,3,2,3,2,2
179,13,1,19,2,15,0,0,1,0,0,0,0,1,2,-1,-1,-1,-1,-1,3,1,-1,-1,-1,-1,-1,-1,3,1,-1,-1,2,1
181,13,1,18,1,20,1,0,1,0,0,0,0,1,1,-1,3,4,4,3,-1,-1,-1,-1,-1,-1,3,4,4,3,2,3,3,2
183,13,1,18,1,20,1,0,0,0,0,0,1,1,1,-1,2,4,2,4,-1,-1,-1,-1,-1,-1,2,4,2,4,1,3,1,3
184,13,2,22,1,90,1,0,0,0,0,0,0,1,5,-1,1,3,5,3,-1,-1,-1,-1,-1,-1,1,3,5,3,1,2,3,2
185,13,1,18,1,30,1,1,0,0,0,0,0,1,1,-1,3,2,5,5,-1,-1,-1,-1,-1,-1,3,2,5,5,2,1,3,3
186,13,4,18,4,10,0,0,1,0,0,0,0,1,2,-1,-1,-1,-1,-1,3,3,-1,-1,-1,-1,-1,-1,3,3,-1,-1,2,2
188,13,1,18,1,5,1,0,1,0,0,0,0,1,2,-1,3,3,3,3,-1,-1,-1,-1,-1,-1,3,3,3,3,2,2,2,2
189,13,2,18,1,130,1,1,0,0,0,0,0,1,1,-1,2,5,1,5,-1,-1,-1,-1,-1,-1,2,5,1,5,1,3,1,3
190,13,1,18,1,9,1,1,0,0,0,0,0,1,1,-1,1,3,3,3,-1,-1,-1,-1,-1,-1,1,3,3,3,1,2,2,2
191,13,1,18,4,20,1,0,0,0,0,0,0,1,1,-1,-1,-1,-1,-1,1,5,-1,-1,-1,-1,-1,-1,1,5,-1,-1,1,3
195,13,2,18,1,15,1,0,0,0,0,0,1,1,1,-1,1,1,4,1,-1,-1,-1,-1,-1,-1,1,1,4,1,1,1,3,1
196,12,2,18,1,65,1,1,0,0,0,0,0,1,1,-1,4,3,3,3,-1,-1,-1,-1,-1,-1,4,3,3,3,3,2,2,2
197,13,1,18,1,10,1,0,1,0,0,0,0,1,1,-1,2,3,2,3,-1,-1,-1,-1,-1,-1,2,3,2,3,1,2,1,2
198,13,2,18,1,4,1,0,1,0,0,0,0,1,1,-1,4,3,3,4,-1,-1,-1,-1,-1,-1,4,3,3,4,3,2,2,3
199,13,1,22,1,10,1,1,1,0,0,0,0,1,5,-1,3,3,3,2,-1,-1,-1,-1,-1,-1,3,3,3,2,2,2,2,1
201,9,2,18,1,12,1,0,0,0,1,0,0,1,1,-1,-1,-1,-1,-1,-1,-1,-1,-1,-1,-1,-1,-1,-1,-1,-1,-1,-1,-1
204,13,1,18,1,40,1,0,0,0,0,0,1,1,1,-1,2,5,3,5,-1,-1,-1,-1,-1,-1,2,5,3,5,1,3,2,3
207,13,1,18,1,10,1,0,0,0,0,0,1,1,1,-1,3,3,3,3,-1,-1,-1,-1,-1,-1,3,3,3,3,2,2,2,2
209,13,1,19,1,10,1,0,0,0,0,0,1,1,1,-1,2,4,3,5,-1,-1,-1,-1,-1,-1,2,4,3,5,1,3,2,3
211,13,1,18,4,10,1,1,0,1,0,0,0,1,1,-1,-1,-1,-1,-1,3,3,-1,-1,-1,-1,-1,-1,3,3,-1,-1,2,2
213,13,2,18,4,15,1,0,0,0,0,0,0,1,1,-1,-1,-1,-1,-1,3,4,-1,-1,-1,-1,-1,-1,3,4,-1,-1,2,3
215,13,2,18,1,45,1,0,0,0,0,0,1,1,1,-1,2,3,3,3,-1,-1,-1,-1,-1,-1,2,3,3,3,1,2,2,2
216,13,2,20,1,45,1,0,0,0,0,0,1,1,3,-1,3,5,4,4,-1,-1,-1,-1,-1,-1,3,5,4,4,2,3,3,3
218,13,2,21,1,40,1,1,0,0,0,0,0,1,4,-1,2,3,3,3,-1,-1,-1,-1,-1,-1,2,3,3,3,1,2,2,2
219,13,1,21,1,15,1,1,0,0,0,0,0,1,4,-1,3,3,3,3,-1,-1,-1,-1,-1,-1,3,3,3,3,2,2,2,2
220,13,2,18,1,15,1,0,1,0,0,0,0,1,1,-1,4,3,3,3,-1,-1,-1,-1,-1,-1,4,3,3,3,3,2,2,2
223,13,1,19,1,60,1,0,0,0,0,0,1,1,2,-1,3,3,4,2,-1,-1,-1,-1,-1,-1,3,3,4,2,2,2,3,1
224,13,1,27,1,35,1,1,0,0,0,0,0,3,-1,3,-1,-1,-1,-1,-1,-1,2,2,2,2,2,2,2,2,1,1,1,1
226,13,1,20,1,40,1,1,0,0,0,0,0,1,1,-1,3,3,3,3,-1,-1,-1,-1,-1,-1,3,3,3,3,2,2,2,2
228,13,2,57,1,75,1,0,0,0,0,0,0,4,-1,3,-1,-1,-1,-1,-1,-1,1,5,5,3,1,5,5,3,1,3,3,2
230,13,1,26,1,60,1,0,0,0,0,0,0,1,6,-1,3,3,4,2,-1,-1,-1,-1,-1,-1,3,3,4,2,2,2,3,1
235,9,1,18,1,5,1,1,0,0,0,0,0,1,2,-1,-1,-1,-1,-1,-1,-1,-1,-1,-1,-1,-1,-1,-1,-1,-1,-1,-1,-1
236,9,2,23,1,35,1,1,0,0,0,0,0,2,1,-1,-1,-1,-1,-1,-1,-1,-1,-1,-1,-1,-1,-1,-1,-1,-1,-1,-1,-1
237,13,1,21,1,15,1,1,0,0,0,0,0,1,4,-1,3,3,4,4,-1,-1,-1,-1,-1,-1,3,3,4,4,2,2,3,3
239,13,2,19,2,10,0,0,0,0,0,0,1,1,1,-1,-1,-1,-1,-1,1,5,-1,-1,-1,-1,-1,-1,1,5,-1,-1,1,3
240,13,1,25,1,15,1,0,0,0,0,0,1,1,6,-1,2,2,4,4,-1,-1,-1,-1,-1,-1,2,2,4,4,1,1,3,3
241,13,1,18,4,15,0,1,0,1,0,0,0,1,1,-1,-1,-1,-1,-1,1,4,-1,-1,-1,-1,-1,-1,1,4,-1,-1,1,3
242,13,1,22,1,5,1,0,1,0,0,0,0,1,5,-1,3,3,2,3,-1,-1,-1,-1,-1,-1,3,3,2,3,2,2,1,2
243,13,2,18,4,20,1,0,0,0,0,0,0,1,1,-1,-1,-1,-1,-1,4,3,-1,-1,-1,-1,-1,-1,4,3,-1,-1,3,2
244,13,2,18,2,34,1,0,0,0,0,0,0,1,1,-1,-1,-1,-1,-1,3,3,-1,-1,-1,-1,-1,-1,3,3,-1,-1,2,2
245,13,2,18,4,15,1,0,0,0,0,0,0,1,1,-1,-1,-1,-1,-1,1,2,-1,-1,-1,-1,-1,-1,1,2,-1,-1,1,1
246,13,1,21,1,35,1,0,0,0,0,0,0,1,4,-1,5,1,5,5,-1,-1,-1,-1,-1,-1,5,1,5,5,3,1,3,3
248,13,2,26,1,20,1,0,0,0,0,0,1,2,2,-1,4,1,5,1,-1,-1,-1,-1,-1,-1,4,1,5,1,3,1,3,1
249,13,2,18,4,20,1,0,0,0,0,0,0,1,1,-1,-1,-1,-1,-1,2,3,-1,-1,-1,-1,-1,-1,2,3,-1,-1,1,2
250,13,2,20,4,7,1,0,0,0,0,0,0,1,1,-1,-1,-1,-1,-1,1,5,-1,-1,-1,-1,-1,-1,1,5,-1,-1,1,3
252,13,1,34,4,30,1,1,0,0,1,0,0,2,3,-1,-1,-1,-1,-1,1,5,-1,-1,-1,-1,-1,-1,1,5,-1,-1,1,3
253,13,2,52,1,23,1,1,0,0,0,0,0,3,-1,4,-1,-1,-1,-1,-1,-1,5,3,5,1,5,3,5,1,3,2,3,1
254,13,1,18,1,10,1,0,0,0,0,0,0,1,2,-1,3,5,5,5,-1,-1,-1,-1,-1,-1,3,5,5,5,2,3,3,3
256,13,1,19,1,60,1,0,0,0,0,0,1,1,2,-1,4,4,1,5,-1,-1,-1,-1,-1,-1,4,4,1,5,3,3,1,3
257,13,1,19,1,90,1,0,0,0,0,0,0,1,2,-1,5,1,5,1,-1,-1,-1,-1,-1,-1,5,1,5,1,3,1,3,1
258,13,2,20,1,15,1,1,0,0,0,0,0,1,3,-1,1,2,3,3,-1,-1,-1,-1,-1,-1,1,2,3,3,1,1,2,2
259,13,1,34,1,8,1,0,0,0,0,0,1,3,-1,4,-1,-1,-1,-1,-1,-1,1,5,1,5,1,5,1,5,1,3,1,3
260,13,2,22,1,40,1,1,0,0,0,0,0,1,5,-1,2,4,3,3,-1,-1,-1,-1,-1,-1,2,4,3,3,1,3,2,2
262,13,1,19,1,45,1,0,0,0,0,0,0,1,2,-1,4,5,3,4,-1,-1,-1,-1,-1,-1,4,5,3,4,3,3,2,3
263,13,4,19,4,15,0,1,0,0,0,0,0,1,2,-1,-1,-1,-1,-1,3,3,-1,-1,-1,-1,-1,-1,3,3,-1,-1,2,2
264,13,2,36,1,60,1,0,0,0,0,0,0,3,-1,1,-1,-1,-1,-1,-1,-1,3,1,5,1,3,1,5,1,2,1,3,1
265,13,1,18,4,25,0,1,0,0,0,0,0,1,1,-1,-1,-1,-1,-1,4,2,-1,-1,-1,-1,-1,-1,4,2,-1,-1,3,1
266,13,2,20,1,60,1,0,0,0,0,0,1,1,3,-1,1,4,3,5,-1,-1,-1,-1,-1,-1,1,4,3,5,1,3,2,3
267,13,1,20,1,40,1,1,0,0,0,0,0,1,3,-1,3,4,3,3,-1,-1,-1,-1,-1,-1,3,4,3,3,2,3,2,2
268,13,1,21,1,5,1,0,1,0,0,0,0,1,4,-1,3,3,3,3,-1,-1,-1,-1,-1,-1,3,3,3,3,2,2,2,2
269,13,1,21,1,5,1,0,1,0,0,0,0,1,4,-1,3,3,3,3,-1,-1,-1,-1,-1,-1,3,3,3,3,2,2,2,2
271,13,2,48,1,8,1,0,0,0,0,0,1,4,-1,3,-1,-1,-1,-1,-1,-1,1,5,1,5,1,5,1,5,1,3,1,3
272,13,1,22,4,20,1,0,0,0,0,0,0,1,6,-1,-1,-1,-1,-1,3,3,-1,-1,-1,-1,-1,-1,3,3,-1,-1,2,2
274,9,2,21,1,7,1,0,1,0,0,0,0,1,2,-1,-1,-1,-1,-1,-1,-1,-1,-1,-1,-1,-1,-1,-1,-1,-1,-1,-1,-1
275,13,1,22,1,10,1,1,1,0,0,0,0,1,5,-1,1,4,2,4,-1,-1,-1,-1,-1,-1,1,4,2,4,1,3,1,3
276,13,1,24,4,15,1,1,0,0,0,0,0,1,6,-1,-1,-1,-1,-1,2,4,-1,-1,-1,-1,-1,-1,2,4,-1,-1,1,3
279,13,1,56,1,15,1,1,0,0,1,0,0,3,-1,3,-1,-1,-1,-1,-1,-1,4,4,4,3,4,4,4,3,3,3,3,2
280,13,1,23,1,50,1,0,0,0,0,0,1,1,6,-1,3,1,5,3,-1,-1,-1,-1,-1,-1,3,1,5,3,2,1,3,2
282,13,2,23,1,20,1,0,0,0,0,0,1,1,6,-1,2,4,3,3,-1,-1,-1,-1,-1,-1,2,4,3,3,1,3,2,2
283,13,2,22,1,10,1,0,0,0,0,0,1,1,5,-1,3,3,4,4,-1,-1,-1,-1,-1,-1,3,3,4,4,2,2,3,3
286,13,2,21,1,8,1,1,1,0,0,0,0,1,5,-1,5,1,5,1,-1,-1,-1,-1,-1,-1,5,1,5,1,3,1,3,1
288,13,1,21,2,20,1,0,0,0,0,0,0,1,4,-1,-1,-1,-1,-1,2,4,-1,-1,-1,-1,-1,-1,2,4,-1,-1,1,3
289,13,1,20,1,30,1,0,0,0,0,0,1,1,3,-1,2,4,2,4,-1,-1,-1,-1,-1,-1,2,4,2,4,1,3,1,3
290,13,1,21,1,10,1,0,0,0,0,0,1,1,5,-1,2,3,3,2,-1,-1,-1,-1,-1,-1,2,3,3,2,1,2,2,1
294,13,2,21,1,10,1,0,1,0,0,0,0,1,4,-1,2,5,2,5,-1,-1,-1,-1,-1,-1,2,5,2,5,1,3,1,3
295,13,1,21,1,10,1,0,0,0,0,0,1,1,4,-1,2,3,2,3,-1,-1,-1,-1,-1,-1,2,3,2,3,1,2,1,2
296,13,2,20,1,5,1,0,1,0,0,0,0,1,3,-1,3,3,4,3,-1,-1,-1,-1,-1,-1,3,3,4,3,2,2,3,2
298,13,2,20,1,5,1,0,1,0,0,0,0,1,3,-1,3,4,2,4,-1,-1,-1,-1,-1,-1,3,4,2,4,2,3,1,3
300,13,1,42,1,120,1,0,0,0,0,0,1,2,1,-1,3,1,3,1,-1,-1,-1,-1,-1,-1,3,1,3,1,2,1,2,1
301,13,1,23,1,15,1,0,1,0,0,0,0,1,6,-1,4,3,4,2,-1,-1,-1,-1,-1,-1,4,3,4,2,3,2,3,1
302,13,4,20,1,60,1,1,0,0,0,0,0,1,3,-1,3,1,3,2,-1,-1,-1,-1,-1,-1,3,1,3,2,2,1,2,1
304,13,1,22,1,20,1,1,0,0,0,0,0,1,4,-1,4,2,3,2,-1,-1,-1,-1,-1,-1,4,2,3,2,3,1,2,1
305,13,1,22,1,22,1,0,0,0,0,0,1,1,3,-1,2,3,3,2,-1,-1,-1,-1,-1,-1,2,3,3,2,1,2,2,1
307,13,2,21,1,30,1,0,0,0,0,1,0,1,4,-1,5,3,5,3,-1,-1,-1,-1,-1,-1,5,3,5,3,3,2,3,2
308,13,1,21,1,5,1,0,1,0,0,0,0,1,4,-1,5,5,5,5,-1,-1,-1,-1,-1,-1,5,5,5,5,3,3,3,3
309,13,1,22,1,5,1,1,0,0,0,0,0,1,5,-1,2,2,3,2,-1,-1,-1,-1,-1,-1,2,2,3,2,1,1,2,1
311,13,2,20,4,15,1,1,0,0,0,0,0,1,3,-1,-1,-1,-1,-1,3,3,-1,-1,-1,-1,-1,-1,3,3,-1,-1,2,2
312,13,1,20,1,40,1,0,1,0,0,0,0,1,3,-1,2,5,1,5,-1,-1,-1,-1,-1,-1,2,5,1,5,1,3,1,3
314,13,1,21,1,15,1,1,1,0,0,0,0,1,4,-1,2,1,3,1,-1,-1,-1,-1,-1,-1,2,1,3,1,1,1,2,1
315,13,1,19,2,20,1,0,0,0,0,0,0,1,2,-1,-1,-1,-1,-1,4,2,-1,-1,-1,-1,-1,-1,4,2,-1,-1,3,1
318,13,2,18,1,10,1,0,1,0,0,0,0,1,1,-1,4,3,3,3,-1,-1,-1,-1,-1,-1,4,3,3,3,3,2,2,2
319,12,2,18,1,45,1,0,0,0,0,0,1,1,2,-1,5,3,3,3,-1,-1,-1,-1,-1,-1,5,3,3,3,3,2,2,2
321,13,2,23,4,12,1,0,0,0,0,0,0,1,5,-1,-1,-1,-1,-1,4,3,-1,-1,-1,-1,-1,-1,4,3,-1,-1,3,2
324,13,2,20,4,15,1,1,0,0,0,0,0,1,1,-1,-1,-1,-1,-1,2,3,-1,-1,-1,-1,-1,-1,2,3,-1,-1,1,2
331,13,1,21,1,20,1,1,0,0,0,0,0,1,1,-1,1,3,3,3,-1,-1,-1,-1,-1,-1,1,3,3,3,1,2,2,2
332,13,1,46,1,25,1,1,0,0,0,0,0,3,-1,4,-1,-1,-1,-1,-1,-1,3,5,3,3,3,5,3,3,2,3,2,2
334,13,4,19,4,22,0,1,0,0,0,0,0,1,2,-1,-1,-1,-1,-1,5,2,-1,-1,-1,-1,-1,-1,5,2,-1,-1,3,1
336,13,1,19,4,20,0,0,0,0,0,0,1,1,1,-1,-1,-1,-1,-1,2,3,-1,-1,-1,-1,-1,-1,2,3,-1,-1,1,2
337,13,1,18,1,10,1,1,1,0,0,0,0,1,2,-1,3,1,5,1,-1,-1,-1,-1,-1,-1,3,1,5,1,2,1,3,1
338,13,1,18,1,8,1,0,0,0,0,0,1,1,1,-1,3,2,4,2,-1,-1,-1,-1,-1,-1,3,2,4,2,2,1,3,1
339,13,2,18,1,8,1,0,0,0,0,0,1,1,2,-1,2,4,3,4,-1,-1,-1,-1,-1,-1,2,4,3,4,1,3,2,3
340,13,2,18,1,30,1,1,0,0,0,0,0,1,1,-1,3,3,3,3,-1,-1,-1,-1,-1,-1,3,3,3,3,2,2,2,2
341,13,2,18,1,15,1,1,0,0,0,0,0,1,1,-1,2,4,2,4,-1,-1,-1,-1,-1,-1,2,4,2,4,1,3,1,3
343,13,1,19,2,50,0,0,0,0,0,0,1,1,1,-1,-1,-1,-1,-1,4,1,-1,-1,-1,-1,-1,-1,4,1,-1,-1,3,1
344,13,1,17,1,10,1,0,0,0,0,0,1,1,1,-1,3,1,4,1,-1,-1,-1,-1,-1,-1,3,1,4,1,2,1,3,1
345,13,1,18,1,30,1,1,0,0,0,0,0,1,1,-1,4,2,3,2,-1,-1,-1,-1,-1,-1,4,2,3,2,3,1,2,1
348,13,2,20,4,30,0,0,0,0,0,0,1,1,2,-1,-1,-1,-1,-1,3,3,-1,-1,-1,-1,-1,-1,3,3,-1,-1,2,2
349,13,1,21,1,10,1,0,0,0,0,0,1,1,3,-1,5,5,5,5,-1,-1,-1,-1,-1,-1,5,5,5,5,3,3,3,3
350,13,1,18,1,35,1,0,0,0,0,0,1,1,1,-1,5,1,5,1,-1,-1,-1,-1,-1,-1,5,1,5,1,3,1,3,1
351,13,1,18,1,10,1,1,0,0,0,0,0,1,1,-1,1,4,5,5,-1,-1,-1,-1,-1,-1,1,4,5,5,1,3,3,3
353,13,1,24,1,35,1,0,0,0,0,0,1,1,4,-1,5,1,5,1,-1,-1,-1,-1,-1,-1,5,1,5,1,3,1,3,1
354,13,2,18,1,50,1,0,0,0,0,0,0,1,1,-1,1,1,3,1,-1,-1,-1,-1,-1,-1,1,1,3,1,1,1,2,1
355,13,2,19,1,5,1,0,0,0,0,0,1,1,2,-1,2,3,3,3,-1,-1,-1,-1,-1,-1,2,3,3,3,1,2,2,2
357,13,2,18,1,2,1,0,1,0,0,0,0,1,1,-1,2,3,4,3,-1,-1,-1,-1,-1,-1,2,3,4,3,1,2,3,2
358,13,2,18,1,30,1,0,0,0,0,0,1,4,-1,1,-1,-1,-1,-1,-1,-1,2,4,4,4,2,4,4,4,1,3,3,3
360,12,1,20,1,5,1,0,1,0,0,0,0,1,3,-1,3,4,5,4,-1,-1,-1,-1,-1,-1,3,4,5,4,2,3,3,3
362,13,2,18,1,10,1,1,0,0,0,0,0,1,1,-1,3,4,4,3,-1,-1,-1,-1,-1,-1,3,4,4,3,2,3,3,2
363,13,1,20,1,20,1,1,0,0,0,0,0,1,4,-1,3,3,4,2,-1,-1,-1,-1,-1,-1,3,3,4,2,2,2,3,1
364,13,1,18,1,8,1,0,0,0,0,0,1,2,1,-1,3,4,4,4,-1,-1,-1,-1,-1,-1,3,4,4,4,2,3,3,3
365,13,1,18,1,7,1,0,0,0,0,0,1,1,1,-1,2,2,4,2,-1,-1,-1,-1,-1,-1,2,2,4,2,1,1,3,1
367,13,2,18,2,5,1,0,1,1,0,0,0,1,1,-1,-1,-1,-1,-1,2,3,-1,-1,-1,-1,-1,-1,2,3,-1,-1,1,2
368,13,2,20,1,60,1,1,0,0,0,0,0,1,3,-1,3,3,3,3,-1,-1,-1,-1,-1,-1,3,3,3,3,2,2,2,2
369,13,4,18,4,35,1,0,0,0,0,0,0,1,1,-1,-1,-1,-1,-1,4,3,-1,-1,-1,-1,-1,-1,4,3,-1,-1,3,2
370,13,2,33,1,50,1,0,0,0,0,0,1,2,6,-1,4,5,5,1,-1,-1,-1,-1,-1,-1,4,5,5,1,3,3,3,1
371,13,2,19,1,12,1,0,0,0,0,0,1,1,2,-1,3,3,3,3,-1,-1,-1,-1,-1,-1,3,3,3,3,2,2,2,2
372,13,2,44,1,30,1,1,0,0,0,0,0,3,-1,2,-1,-1,-1,-1,-1,-1,2,2,2,5,2,2,2,5,1,1,1,3
374,7,1,24,1,15,1,0,0,0,0,0,1,1,4,-1,-1,-1,-1,-1,-1,-1,-1,-1,-1,-1,-1,-1,-1,-1,-1,-1,-1,-1
376,13,2,19,1,5,1,0,1,0,0,0,0,1,2,-1,1,3,3,5,-1,-1,-1,-1,-1,-1,1,3,3,5,1,2,2,3
377,13,2,19,1,25,1,1,0,0,0,0,0,1,2,-1,5,3,4,5,-1,-1,-1,-1,-1,-1,5,3,4,5,3,2,3,3
379,13,2,22,4,20,1,1,0,0,0,0,0,1,5,-1,-1,-1,-1,-1,2,4,-1,-1,-1,-1,-1,-1,2,4,-1,-1,1,3
380,13,1,20,1,7,1,0,0,0,0,0,1,1,3,-1,2,2,2,3,-1,-1,-1,-1,-1,-1,2,2,2,3,1,1,1,2
382,13,4,20,1,15,1,0,0,0,0,0,1,1,6,-1,4,4,4,4,-1,-1,-1,-1,-1,-1,4,4,4,4,3,3,3,3
384,13,2,21,1,35,1,1,0,0,0,0,0,1,4,-1,3,3,4,3,-1,-1,-1,-1,-1,-1,3,3,4,3,2,2,3,2
385,9,1,20,1,45,1,0,1,1,0,0,0,1,3,-1,-1,-1,-1,-1,-1,-1,-1,-1,-1,-1,-1,-1,-1,-1,-1,-1,-1,-1
386,13,1,22,1,35,1,0,0,0,0,0,1,1,5,-1,2,2,3,2,-1,-1,-1,-1,-1,-1,2,2,3,2,1,1,2,1
387,13,2,21,4,15,0,0,0,0,0,0,1,1,4,-1,-1,-1,-1,-1,3,3,-1,-1,-1,-1,-1,-1,3,3,-1,-1,2,2
390,13,1,19,1,7,1,0,0,0,0,0,1,1,2,-1,1,3,2,3,-1,-1,-1,-1,-1,-1,1,3,2,3,1,2,1,2
391,13,2,23,1,3,1,0,0,0,0,0,1,2,3,-1,2,5,3,5,-1,-1,-1,-1,-1,-1,2,5,3,5,1,3,2,3
392,13,1,18,1,45,1,1,0,0,0,0,0,1,1,-1,3,2,4,2,-1,-1,-1,-1,-1,-1,3,2,4,2,2,1,3,1
393,13,4,19,1,25,1,0,0,0,0,0,0,1,2,-1,5,5,3,5,-1,-1,-1,-1,-1,-1,5,5,3,5,3,3,2,3
394,13,2,48,1,30,1,1,0,1,0,0,0,3,-1,4,-1,-1,-1,-1,-1,-1,2,4,2,4,2,4,2,4,1,3,1,3
395,11,1,52,1,40,1,0,0,0,0,0,1,3,-1,4,-1,-1,-1,-1,-1,-1,-1,-1,-1,-1,-1,-1,-1,-1,-1,-1,-1,-1
397,13,1,30,1,30,1,1,0,0,0,0,0,2,1,-1,1,3,1,4,-1,-1,-1,-1,-1,-1,1,3,1,4,1,2,1,3
398,13,1,20,1,120,1,0,0,0,0,0,1,1,1,-1,1,4,2,3,-1,-1,-1,-1,-1,-1,1,4,2,3,1,3,1,2
399,13,1,32,1,15,1,1,1,0,0,0,0,2,6,-1,5,5,4,1,-1,-1,-1,-1,-1,-1,5,5,4,1,3,3,3,1
400,13,1,24,1,7,1,0,0,0,0,0,1,1,6,-1,4,2,4,2,-1,-1,-1,-1,-1,-1,4,2,4,2,3,1,3,1
401,13,2,23,1,5,1,0,1,0,0,0,0,1,5,-1,5,5,5,5,-1,-1,-1,-1,-1,-1,5,5,5,5,3,3,3,3
402,13,1,21,1,60,1,1,0,0,0,0,0,1,1,-1,5,5,5,5,-1,-1,-1,-1,-1,-1,5,5,5,5,3,3,3,3
403,13,1,50,1,23,1,1,0,0,0,0,0,3,-1,4,-1,-1,-1,-1,-1,-1,4,1,4,5,4,1,4,5,3,1,3,3
404,9,4,22,1,25,1,0,0,0,0,0,1,1,4,-1,-1,-1,-1,-1,-1,-1,-1,-1,-1,-1,-1,-1,-1,-1,-1,-1,-1,-1
405,13,1,57,1,45,1,0,0,0,0,0,1,4,-1,4,-1,-1,-1,-1,-1,-1,4,3,4,3,4,3,4,3,3,2,3,2
407,13,1,21,1,15,1,0,0,0,0,0,1,1,4,-1,3,3,3,3,-1,-1,-1,-1,-1,-1,3,3,3,3,2,2,2,2
409,13,1,59,1,20,1,1,0,0,0,0,0,3,-1,4,-1,-1,-1,-1,-1,-1,3,3,3,3,3,3,3,3,2,2,2,2
410,12,1,37,1,50,1,0,0,0,0,0,1,1,6,-1,2,5,2,2,-1,-1,-1,-1,-1,-1,2,5,2,2,1,3,1,1
412,13,4,19,1,7,1,0,1,0,0,0,0,1,2,-1,3,3,3,4,-1,-1,-1,-1,-1,-1,3,3,3,4,2,2,2,3
414,11,1,55,1,25,1,0,0,0,0,0,1,3,-1,4,-1,-1,-1,-1,-1,-1,-1,-1,-1,-1,-1,-1,-1,-1,-1,-1,-1,-1
415,7,4,21,4,10,0,1,0,0,0,0,0,1,4,-1,-1,-1,-1,-1,-1,-1,-1,-1,-1,-1,-1,-1,-1,-1,-1,-1,-1,-1
416,13,2,20,1,40,1,1,0,0,0,0,0,1,3,-1,2,3,2,3,-1,-1,-1,-1,-1,-1,2,3,2,3,1,2,1,2
420,13,1,19,1,15,1,1,1,0,0,0,0,1,2,-1,3,3,3,3,-1,-1,-1,-1,-1,-1,3,3,3,3,2,2,2,2
421,13,2,22,1,5,1,1,0,0,0,0,0,1,3,-1,4,2,4,2,-1,-1,-1,-1,-1,-1,4,2,4,2,3,1,3,1
424,13,1,59,1,45,1,1,0,0,0,0,0,3,-1,4,-1,-1,-1,-1,-1,-1,5,1,5,1,5,1,5,1,3,1,3,1
425,13,1,41,1,45,1,0,0,0,0,0,1,3,-1,2,-1,-1,-1,-1,-1,-1,4,2,4,2,4,2,4,2,3,1,3,1
426,13,1,32,1,30,1,0,0,0,0,0,1,3,-1,4,-1,-1,-1,-1,-1,-1,1,3,2,3,1,3,2,3,1,2,1,2
427,13,1,45,1,60,1,0,0,0,0,0,1,4,-1,4,-1,-1,-1,-1,-1,-1,3,3,4,3,3,3,4,3,2,2,3,2
429,13,1,45,1,45,1,1,0,0,0,0,0,3,-1,4,-1,-1,-1,-1,-1,-1,1,2,4,2,1,2,4,2,1,1,3,1
432,13,1,51,1,20,1,0,0,0,0,0,0,3,-1,4,-1,-1,-1,-1,-1,-1,4,2,3,3,4,2,3,3,3,1,2,2
433,13,1,21,1,10,1,1,1,0,0,0,0,1,3,-1,1,2,5,1,-1,-1,-1,-1,-1,-1,1,2,5,1,1,1,3,1
434,13,1,53,1,25,1,0,0,0,0,0,1,3,-1,1,-1,-1,-1,-1,-1,-1,1,4,2,4,1,4,2,4,1,3,1,3
436,13,2,57,1,30,1,0,0,0,0,0,1,4,-1,4,-1,-1,-1,-1,-1,-1,3,3,3,3,3,3,3,3,2,2,2,2
437,13,1,18,1,60,1,1,0,0,0,0,0,1,2,-1,3,3,4,2,-1,-1,-1,-1,-1,-1,3,3,4,2,2,2,3,1
438,13,1,42,1,20,1,1,0,0,0,0,0,3,-1,4,-1,-1,-1,-1,-1,-1,2,2,2,4,2,2,2,4,1,1,1,3
440,13,2,24,1,5,1,0,1,0,0,0,0,1,6,-1,2,4,3,3,-1,-1,-1,-1,-1,-1,2,4,3,3,1,3,2,2
442,13,1,50,1,45,1,0,0,0,0,0,1,4,-1,2,-1,-1,-1,-1,-1,-1,4,2,5,1,4,2,5,1,3,1,3,1
444,13,1,18,1,45,1,1,0,0,0,0,0,1,2,-1,3,3,5,5,-1,-1,-1,-1,-1,-1,3,3,5,5,2,2,3,3
446,13,1,48,1,30,1,0,0,0,0,0,1,3,-1,4,-1,-1,-1,-1,-1,-1,3,1,5,1,3,1,5,1,2,1,3,1
448,13,1,21,4,20,1,0,0,0,0,0,0,1,4,-1,-1,-1,-1,-1,1,4,-1,-1,-1,-1,-1,-1,1,4,-1,-1,1,3
449,13,1,19,1,15,1,1,0,0,0,0,0,1,2,-1,3,2,3,2,-1,-1,-1,-1,-1,-1,3,2,3,2,2,1,2,1
450,13,2,35,1,30,1,0,0,0,0,0,1,3,-1,4,-1,-1,-1,-1,-1,-1,1,2,4,2,1,2,4,2,1,1,3,1
451,13,2,18,1,10,1,1,0,0,0,0,0,1,2,-1,1,4,1,5,-1,-1,-1,-1,-1,-1,1,4,1,5,1,3,1,3
452,13,1,29,1,90,1,0,0,1,0,0,0,2,1,-1,1,1,1,1,-1,-1,-1,-1,-1,-1,1,1,1,1,1,1,1,1
453,13,1,46,1,45,1,0,0,0,0,0,1,3,-1,4,-1,-1,-1,-1,-1,-1,2,1,3,2,2,1,3,2,1,1,2,1
454,13,1,19,1,60,1,0,0,0,0,0,1,1,2,-1,4,2,4,2,-1,-1,-1,-1,-1,-1,4,2,4,2,3,1,3,1
455,13,2,20,1,15,1,0,0,0,0,0,1,1,4,-1,5,5,-1,5,-1,-1,-1,-1,-1,-1,5,5,-1,5,3,3,-1,3
456,13,2,20,4,15,1,0,0,0,0,0,0,1,3,-1,-1,-1,-1,-1,4,3,-1,-1,-1,-1,-1,-1,4,3,-1,-1,3,2
457,13,1,22,1,5,1,1,1,0,0,0,0,1,3,-1,1,3,2,2,-1,-1,-1,-1,-1,-1,1,3,2,2,1,2,1,1
459,13,2,50,1,15,1,0,0,0,0,0,1,3,-1,4,-1,-1,-1,-1,-1,-1,2,4,2,4,2,4,2,4,1,3,1,3
460,13,1,20,1,45,1,1,0,0,0,0,0,1,4,-1,3,3,4,3,-1,-1,-1,-1,-1,-1,3,3,4,3,2,2,3,2
461,13,3,44,1,20,1,0,0,0,0,0,1,3,-1,4,-1,-1,-1,-1,-1,-1,2,2,5,1,2,2,5,1,1,1,3,1
462,13,1,27,4,13,1,0,1,0,0,0,0,2,2,-1,-1,-1,-1,-1,3,3,-1,-1,-1,-1,-1,-1,3,3,-1,-1,2,2
463,13,1,18,1,10,1,0,1,0,0,0,0,1,2,-1,2,3,4,3,-1,-1,-1,-1,-1,-1,2,3,4,3,1,2,3,2
466,13,2,22,4,20,1,0,0,0,0,0,0,2,2,-1,-1,-1,-1,-1,1,5,-1,-1,-1,-1,-1,-1,1,5,-1,-1,1,3
467,13,1,21,1,10,1,0,1,0,0,0,0,1,3,-1,3,3,3,2,-1,-1,-1,-1,-1,-1,3,3,3,2,2,2,2,1
468,13,2,55,1,15,1,1,0,0,0,0,0,3,-1,3,-1,-1,-1,-1,-1,-1,4,2,2,2,4,2,2,2,3,1,1,1
470,13,1,62,1,15,1,0,0,0,0,0,1,4,-1,4,-1,-1,-1,-1,-1,-1,5,3,5,1,5,3,5,1,3,2,3,1
472,13,1,58,1,25,1,1,0,0,0,0,0,3,-1,4,-1,-1,-1,-1,-1,-1,1,5,1,5,1,5,1,5,1,3,1,3
473,13,1,46,1,40,1,0,0,0,0,0,1,3,-1,4,-1,-1,-1,-1,-1,-1,5,1,5,1,5,1,5,1,3,1,3,1
475,13,2,18,4,10,1,0,0,0,0,0,0,1,1,-1,-1,-1,-1,-1,5,3,-1,-1,-1,-1,-1,-1,5,3,-1,-1,3,2
476,13,1,64,1,45,1,0,0,0,0,0,1,4,-1,4,-1,-1,-1,-1,-1,-1,2,4,3,4,2,4,3,4,1,3,2,3
479,13,1,27,1,45,1,1,0,0,0,0,0,2,6,-1,3,4,4,2,-1,-1,-1,-1,-1,-1,3,4,4,2,2,3,3,1
480,13,2,20,1,35,1,1,0,0,0,0,0,1,3,-1,4,1,4,2,-1,-1,-1,-1,-1,-1,4,1,4,2,3,1,3,1
482,13,1,19,1,5,1,0,1,0,0,0,0,1,2,-1,3,2,3,2,-1,-1,-1,-1,-1,-1,3,2,3,2,2,1,2,1
484,13,1,34,1,25,1,0,0,0,0,0,1,3,-1,2,-1,-1,-1,-1,-1,-1,3,3,3,3,3,3,3,3,2,2,2,2
485,13,1,19,1,30,1,1,0,0,0,0,0,1,2,-1,3,3,4,3,-1,-1,-1,-1,-1,-1,3,3,4,3,2,2,3,2
486,13,1,22,1,8,1,0,1,0,1,0,0,1,5,-1,1,3,3,3,-1,-1,-1,-1,-1,-1,1,3,3,3,1,2,2,2
488,13,1,41,1,15,1,1,0,0,0,0,0,4,-1,2,-1,-1,-1,-1,-1,-1,2,4,2,5,2,4,2,5,1,3,1,3
489,13,1,21,1,6,1,0,1,0,0,0,0,2,1,-1,3,3,5,2,-1,-1,-1,-1,-1,-1,3,3,5,2,2,2,3,1
490,13,1,51,1,12,1,1,0,0,0,0,0,3,-1,4,-1,-1,-1,-1,-1,-1,4,2,4,2,4,2,4,2,3,1,3,1
491,13,2,24,1,40,1,0,0,0,0,0,1,1,6,-1,5,3,5,3,-1,-1,-1,-1,-1,-1,5,3,5,3,3,2,3,2
495,13,1,25,1,20,1,0,0,0,0,0,1,1,4,-1,2,3,3,3,-1,-1,-1,-1,-1,-1,2,3,3,3,1,2,2,2
497,13,1,20,4,13,1,0,0,0,0,0,0,1,3,-1,-1,-1,-1,-1,1,4,-1,-1,-1,-1,-1,-1,1,4,-1,-1,1,3
498,13,2,18,1,35,1,1,0,0,0,0,0,1,1,-1,3,2,2,2,-1,-1,-1,-1,-1,-1,3,2,2,2,2,1,1,1
500,13,1,31,1,40,1,0,0,0,0,0,1,2,6,-1,4,2,4,2,-1,-1,-1,-1,-1,-1,4,2,4,2,3,1,3,1
501,13,1,19,1,5,1,0,1,0,0,0,0,1,2,-1,4,1,3,3,-1,-1,-1,-1,-1,-1,4,1,3,3,3,1,2,2
503,13,1,20,1,5,1,1,1,0,0,0,0,1,3,-1,2,3,3,4,-1,-1,-1,-1,-1,-1,2,3,3,4,1,2,2,3
504,9,1,20,1,20,1,1,0,0,0,0,0,1,3,-1,-1,-1,-1,-1,-1,-1,-1,-1,-1,-1,-1,-1,-1,-1,-1,-1,-1,-1
506,13,1,25,4,10,1,0,0,0,0,0,0,2,2,-1,-1,-1,-1,-1,4,1,-1,-1,-1,-1,-1,-1,4,1,-1,-1,3,1
507,13,2,19,1,10,1,0,1,0,0,0,0,1,2,-1,2,2,3,2,-1,-1,-1,-1,-1,-1,2,2,3,2,1,1,2,1
509,13,1,19,1,7,1,1,0,0,0,0,0,1,2,-1,3,2,4,3,-1,-1,-1,-1,-1,-1,3,2,4,3,2,1,3,2
510,13,2,21,1,60,1,1,0,0,0,0,0,1,4,-1,5,3,5,3,-1,-1,-1,-1,-1,-1,5,3,5,3,3,2,3,2
511,12,1,18,1,45,1,1,0,0,0,0,0,1,1,-1,4,1,5,1,-1,-1,-1,-1,-1,-1,4,1,5,1,3,1,3,1
512,13,2,18,4,25,1,0,0,0,0,0,0,1,1,-1,-1,-1,-1,-1,3,4,-1,-1,-1,-1,-1,-1,3,4,-1,-1,2,3
513,13,1,27,2,10,0,0,1,0,0,0,0,2,3,-1,-1,-1,-1,-1,1,1,-1,-1,-1,-1,-1,-1,1,1,-1,-1,1,1
514,13,2,29,1,5,1,0,0,0,0,0,1,2,3,-1,5,4,3,3,-1,-1,-1,-1,-1,-1,5,4,3,3,3,3,2,2
515,13,2,20,1,18,1,1,1,0,0,0,0,1,3,-1,4,3,5,3,-1,-1,-1,-1,-1,-1,4,3,5,3,3,2,3,2
516,13,2,20,1,25,1,0,0,0,0,0,1,1,3,-1,3,2,3,1,-1,-1,-1,-1,-1,-1,3,2,3,1,2,1,2,1
521,13,2,18,1,35,1,1,0,0,0,0,0,1,1,-1,3,3,4,3,-1,-1,-1,-1,-1,-1,3,3,4,3,2,2,3,2
522,13,1,33,1,50,1,0,0,0,0,0,1,3,-1,3,-1,-1,-1,-1,-1,-1,1,3,3,3,1,3,3,3,1,2,2,2
523,13,2,20,4,15,1,1,1,0,0,0,0,1,1,-1,-1,-1,-1,-1,3,3,-1,-1,-1,-1,-1,-1,3,3,-1,-1,2,2
524,13,1,45,1,30,1,0,0,0,0,0,1,4,-1,1,-1,-1,-1,-1,-1,-1,5,5,5,5,5,5,5,5,3,3,3,3
526,13,2,38,1,15,1,1,0,1,1,0,0,4,-1,3,-1,-1,-1,-1,-1,-1,2,3,3,3,2,3,3,3,1,2,2,2
527,13,1,18,2,70,0,0,0,0,0,0,1,1,1,-1,-1,-1,-1,-1,3,4,-1,-1,-1,-1,-1,-1,3,4,-1,-1,2,3
529,13,1,33,1,25,1,0,0,0,0,0,1,3,-1,3,-1,-1,-1,-1,-1,-1,5,1,5,1,5,1,5,1,3,1,3,1
530,13,1,19,1,15,1,0,0,0,0,0,1,1,2,-1,3,4,2,3,-1,-1,-1,-1,-1,-1,3,4,2,3,2,3,1,2
531,13,1,22,1,50,1,1,0,0,0,0,0,1,5,-1,2,2,4,1,-1,-1,-1,-1,-1,-1,2,2,4,1,1,1,3,1
532,13,2,25,1,5,1,0,0,0,0,0,1,2,2,-1,3,5,3,5,-1,-1,-1,-1,-1,-1,3,5,3,5,2,3,2,3
534,13,1,50,1,60,1,0,0,0,0,0,1,4,-1,3,-1,-1,-1,-1,-1,-1,4,1,4,1,4,1,4,1,3,1,3,1
535,13,1,19,1,10,1,0,1,0,0,0,0,1,-1,-1,-1,-1,-1,-1,-1,-1,-1,-1,-1,-1,-1,-1,-1,-1,-1,-1,-1,-1
540,13,1,23,1,3,1,0,0,0,0,0,1,1,6,-1,2,3,3,3,-1,-1,-1,-1,-1,-1,2,3,3,3,1,2,2,2
541,11,1,35,1,30,1,1,0,0,0,0,0,3,-1,1,-1,-1,-1,-1,-1,-1,-1,-1,-1,-1,-1,-1,-1,-1,-1,-1,-1,-1
544,13,1,64,1,30,1,1,0,0,1,0,0,3,-1,4,-1,-1,-1,-1,-1,-1,4,1,2,1,4,1,2,1,3,1,1,1
545,13,2,23,4,15,1,0,0,0,0,0,0,1,6,-1,-1,-1,-1,-1,5,4,-1,-1,-1,-1,-1,-1,5,4,-1,-1,3,3
546,13,1,27,1,38,1,0,0,0,0,0,1,3,-1,1,-1,-1,-1,-1,-1,-1,3,1,3,1,3,1,3,1,2,1,2,1
547,9,1,20,1,15,1,0,0,0,0,0,1,1,1,-1,-1,-1,-1,-1,-1,-1,-1,-1,-1,-1,-1,-1,-1,-1,-1,-1,-1,-1
548,13,1,19,1,60,1,0,0,0,0,0,1,1,2,-1,2,2,2,2,-1,-1,-1,-1,-1,-1,2,2,2,2,1,1,1,1
549,13,2,21,4,12,1,0,0,0,0,0,0,1,1,-1,-1,-1,-1,-1,3,3,-1,-1,-1,-1,-1,-1,3,3,-1,-1,2,2
550,13,1,22,1,30,1,0,0,0,0,0,1,1,5,-1,4,2,4,3,-1,-1,-1,-1,-1,-1,4,2,4,3,3,1,3,2
551,13,2,22,1,45,1,1,0,0,0,0,0,1,5,-1,3,5,2,5,-1,-1,-1,-1,-1,-1,3,5,2,5,2,3,1,3
552,13,2,20,4,15,1,0,0,0,0,0,0,1,1,-1,-1,-1,-1,-1,2,4,-1,-1,-1,-1,-1,-1,2,4,-1,-1,1,3
553,13,1,34,2,7,0,0,0,0,0,0,1,3,-1,3,-1,-1,-1,-1,3,3,-1,-1,-1,-1,-1,-1,3,3,-1,-1,2,2
554,13,1,26,1,60,1,0,0,0,0,0,1,2,2,-1,2,4,2,4,-1,-1,-1,-1,-1,-1,2,4,2,4,1,3,1,3
557,13,1,60,1,20,1,0,0,0,0,0,1,3,-1,4,-1,-1,-1,-1,-1,-1,2,2,1,3,2,2,1,3,1,1,1,2
559,13,1,47,1,30,1,0,0,0,0,0,1,2,6,-1,3,5,4,4,-1,-1,-1,-1,-1,-1,3,5,4,4,2,3,3,3
560,13,1,21,1,30,1,0,0,1,0,0,0,1,4,-1,3,3,3,3,-1,-1,-1,-1,-1,-1,3,3,3,3,2,2,2,2
561,13,2,20,4,5,1,0,0,0,0,0,0,1,2,-1,-1,-1,-1,-1,2,4,-1,-1,-1,-1,-1,-1,2,4,-1,-1,1,3
563,13,1,18,1,10,1,1,0,0,0,0,0,1,1,-1,1,2,3,2,-1,-1,-1,-1,-1,-1,1,2,3,2,1,1,2,1
564,13,1,19,4,20,1,0,0,0,0,0,0,1,2,-1,-1,-1,-1,-1,1,4,-1,-1,-1,-1,-1,-1,1,4,-1,-1,1,3
565,13,1,22,4,15,1,0,0,0,0,0,0,1,6,-1,-1,-1,-1,-1,3,3,-1,-1,-1,-1,-1,-1,3,3,-1,-1,2,2
566,13,2,21,1,8,1,1,0,0,0,0,0,1,4,-1,2,3,2,4,-1,-1,-1,-1,-1,-1,2,3,2,4,1,2,1,3
567,13,2,19,1,8,1,1,0,0,0,0,0,1,2,-1,3,5,1,4,-1,-1,-1,-1,-1,-1,3,5,1,4,2,3,1,3
568,13,1,24,4,17.5,1,0,0,0,0,0,0,1,6,-1,-1,-1,-1,-1,2,3,-1,-1,-1,-1,-1,-1,2,3,-1,-1,1,2
569,13,2,18,1,35,1,1,0,0,0,0,0,1,1,-1,3,5,4,3,-1,-1,-1,-1,-1,-1,3,5,4,3,2,3,3,2
570,13,1,20,1,5,1,0,1,0,0,0,0,1,3,-1,2,4,1,4,-1,-1,-1,-1,-1,-1,2,4,1,4,1,3,1,3
571,13,1,43,1,15,1,1,0,0,0,0,0,3,-1,4,-1,-1,-1,-1,-1,-1,3,2,3,3,3,2,3,3,2,1,2,2
572,13,2,23,4,5,1,1,0,0,0,0,0,1,6,-1,-1,-1,-1,-1,3,3,-1,-1,-1,-1,-1,-1,3,3,-1,-1,2,2
573,13,2,22,1,5,1,1,0,0,0,0,0,1,5,-1,2,4,2,4,-1,-1,-1,-1,-1,-1,2,4,2,4,1,3,1,3
574,13,2,70,1,45,1,0,0,0,0,0,1,4,-1,4,-1,-1,-1,-1,-1,-1,3,3,4,4,3,3,4,4,2,2,3,3
576,13,2,26,1,8,1,0,0,0,0,0,0,2,6,-1,1,5,1,5,-1,-1,-1,-1,-1,-1,1,5,1,5,1,3,1,3
577,13,1,25,1,25,1,1,0,0,0,0,0,2,6,-1,1,5,1,5,-1,-1,-1,-1,-1,-1,1,5,1,5,1,3,1,3
578,13,1,26,4,25,0,1,0,0,0,0,0,2,1,-1,-1,-1,-1,-1,2,5,-1,-1,-1,-1,-1,-1,2,5,-1,-1,1,3
579,13,2,28,1,25,1,0,0,0,0,0,1,2,6,-1,4,4,4,2,-1,-1,-1,-1,-1,-1,4,4,4,2,3,3,3,1
580,13,1,21,1,10,1,0,1,0,0,0,0,1,4,-1,3,2,4,5,-1,-1,-1,-1,-1,-1,3,2,4,5,2,1,3,3
581,13,1,19,1,7,1,0,1,0,0,0,0,1,2,-1,4,2,3,2,-1,-1,-1,-1,-1,-1,4,2,3,2,3,1,2,1
582,13,2,22,1,35,1,1,0,0,0,0,0,1,5,-1,2,4,2,4,-1,-1,-1,-1,-1,-1,2,4,2,4,1,3,1,3
583,13,1,21,1,50,1,1,0,0,0,0,0,1,2,-1,4,2,4,2,-1,-1,-1,-1,-1,-1,4,2,4,2,3,1,3,1
585,10,1,22,4,15,0,1,0,0,0,0,0,1,5,-1,-1,-1,-1,-1,-1,-1,-1,-1,-1,-1,-1,-1,-1,-1,-1,-1,-1,-1
586,13,2,18,4,10,1,0,0,1,0,0,0,1,1,-1,-1,-1,-1,-1,3,3,-1,-1,-1,-1,-1,-1,3,3,-1,-1,2,2
587,13,4,51,1,10,1,0,0,0,0,0,1,3,-1,3,-1,-1,-1,-1,-1,-1,1,5,4,2,1,5,4,2,1,3,3,1
589,13,2,28,1,90,1,0,0,0,0,0,1,1,6,-1,3,5,3,3,-1,-1,-1,-1,-1,-1,3,5,3,3,2,3,2,2
590,13,1,21,1,45,1,0,0,0,0,0,1,1,4,-1,3,3,2,3,-1,-1,-1,-1,-1,-1,3,3,2,3,2,2,1,2
591,13,1,19,1,3,1,0,1,1,0,0,0,1,1,-1,1,3,4,4,-1,-1,-1,-1,-1,-1,1,3,4,4,1,2,3,3
592,13,1,19,4,20,1,1,0,0,0,0,0,1,2,-1,-1,-1,-1,-1,3,2,-1,-1,-1,-1,-1,-1,3,2,-1,-1,2,1
594,13,1,20,1,10,1,0,0,0,0,0,1,1,3,-1,5,1,5,1,-1,-1,-1,-1,-1,-1,5,1,5,1,3,1,3,1
596,13,2,61,1,15,1,1,0,0,0,0,0,3,-1,4,-1,-1,-1,-1,-1,-1,3,3,3,3,3,3,3,3,2,2,2,2
597,13,2,21,1,20,1,0,0,0,0,0,1,1,4,-1,2,1,3,2,-1,-1,-1,-1,-1,-1,2,1,3,2,1,1,2,1
598,13,2,30,1,12,1,1,0,0,0,0,0,2,6,-1,1,3,3,4,-1,-1,-1,-1,-1,-1,1,3,3,4,1,2,2,3
600,13,2,70,1,20,1,0,0,0,0,0,1,4,-1,4,-1,-1,-1,-1,-1,-1,5,1,5,1,5,1,5,1,3,1,3,1
602,10,2,25,2,5,1,0,1,0,0,0,0,2,1,-1,-1,-1,-1,-1,-1,-1,-1,-1,-1,-1,-1,-1,-1,-1,-1,-1,-1,-1
603,13,1,20,1,50,1,1,0,0,0,0,0,1,3,-1,3,1,3,3,-1,-1,-1,-1,-1,-1,3,1,3,3,2,1,2,2
604,13,1,49,1,40,1,1,0,0,0,0,0,4,-1,1,-1,-1,-1,-1,-1,-1,3,3,2,3,3,3,2,3,2,2,1,2
606,13,4,19,4,30,1,0,0,0,0,0,0,1,2,-1,-1,-1,-1,-1,4,1,-1,-1,-1,-1,-1,-1,4,1,-1,-1,3,1
607,13,2,28,1,60,1,0,0,0,0,0,1,2,3,-1,1,3,2,2,-1,-1,-1,-1,-1,-1,1,3,2,2,1,2,1,1
608,13,1,58,1,45,1,0,0,0,0,0,1,4,-1,4,-1,-1,-1,-1,-1,-1,3,3,4,4,3,3,4,4,2,2,3,3
609,13,2,70,1,30,1,0,0,0,0,0,1,4,-1,4,-1,-1,-1,-1,-1,-1,1,5,1,5,1,5,1,5,1,3,1,3
611,13,1,24,1,7,1,0,1,0,0,0,0,1,5,-1,2,4,3,3,-1,-1,-1,-1,-1,-1,2,4,3,3,1,3,2,2
612,13,4,18,1,35,1,0,0,0,0,0,1,1,1,-1,4,1,1,5,-1,-1,-1,-1,-1,-1,4,1,1,5,3,1,1,3
613,13,1,24,1,50,1,0,1,0,0,0,0,2,6,-1,2,2,4,2,-1,-1,-1,-1,-1,-1,2,2,4,2,1,1,3,1
615,13,2,23,1,50,1,0,0,0,0,0,1,1,6,-1,4,5,4,5,-1,-1,-1,-1,-1,-1,4,5,4,5,3,3,3,3
619,13,1,28,1,5,1,0,0,0,0,0,1,2,1,-1,5,3,4,5,-1,-1,-1,-1,-1,-1,5,3,4,5,3,2,3,3
620,13,1,18,1,5,1,1,0,0,0,0,0,1,1,-1,1,1,3,3,-1,-1,-1,-1,-1,-1,1,1,3,3,1,1,2,2
621,13,1,18,2,35,0,0,0,0,0,0,1,1,1,-1,-1,-1,-1,-1,3,4,-1,-1,-1,-1,-1,-1,3,4,-1,-1,2,3
622,13,1,19,1,180,1,0,1,0,0,0,0,1,2,-1,4,3,3,3,-1,-1,-1,-1,-1,-1,4,3,3,3,3,2,2,2
626,13,2,17,1,35,1,0,0,0,0,0,1,1,1,-1,3,4,2,4,-1,-1,-1,-1,-1,-1,3,4,2,4,2,3,1,3
627,13,2,27,1,50,1,0,0,0,0,0,0,2,6,-1,4,3,4,3,-1,-1,-1,-1,-1,-1,4,3,4,3,3,2,3,2
628,13,1,23,1,5,1,1,0,0,0,0,0,1,6,-1,1,1,1,5,-1,-1,-1,-1,-1,-1,1,1,1,5,1,1,1,3
629,13,2,21,1,50,1,0,0,0,0,0,1,1,4,-1,2,2,3,3,-1,-1,-1,-1,-1,-1,2,2,3,3,1,1,2,2
630,13,2,53,1,30,1,1,0,0,0,0,0,4,-1,4,-1,-1,-1,-1,-1,-1,3,3,3,3,3,3,3,3,2,2,2,2
631,13,2,23,4,15,1,1,0,0,0,0,0,1,6,-1,-1,-1,-1,-1,3,3,-1,-1,-1,-1,-1,-1,3,3,-1,-1,2,2
632,13,1,23,4,10,1,1,0,0,0,0,0,1,6,-1,-1,-1,-1,-1,3,3,-1,-1,-1,-1,-1,-1,3,3,-1,-1,2,2
634,13,2,63,1,30,1,1,0,0,0,0,0,5,-1,-1,-1,-1,-1,-1,-1,-1,-1,-1,-1,-1,-1,-1,-1,-1,-1,-1,-1,-1
635,13,2,47,1,35,1,0,0,0,0,0,1,3,-1,1,-1,-1,-1,-1,-1,-1,5,1,5,5,5,1,5,5,3,1,3,3
637,13,1,59,1,35,1,0,0,0,0,0,1,3,-1,4,-1,-1,-1,-1,-1,-1,3,4,3,1,3,4,3,1,2,3,2,1
638,13,1,51,1,30,1,0,0,0,0,0,1,3,-1,4,-1,-1,-1,-1,-1,-1,1,3,1,4,1,3,1,4,1,2,1,3
639,13,1,47,1,10,1,1,0,0,0,0,0,3,-1,4,-1,-1,-1,-1,-1,-1,5,5,5,5,5,5,5,5,3,3,3,3
641,13,1,22,1,15,1,0,0,0,1,0,0,1,5,-1,2,3,2,4,-1,-1,-1,-1,-1,-1,2,3,2,4,1,2,1,3
642,13,2,24,1,8,1,0,0,0,0,0,1,1,6,-1,2,5,2,5,-1,-1,-1,-1,-1,-1,2,5,2,5,1,3,1,3
643,7,4,25,2,40,0,0,0,0,0,0,1,2,3,-1,-1,-1,-1,-1,-1,-1,-1,-1,-1,-1,-1,-1,-1,-1,-1,-1,-1,-1
644,13,2,19,1,5,1,0,1,0,0,0,0,1,2,-1,2,4,2,4,-1,-1,-1,-1,-1,-1,2,4,2,4,1,3,1,3
645,13,2,55,1,15,1,0,0,0,0,0,0,1,1,-1,3,3,3,3,-1,-1,-1,-1,-1,-1,3,3,3,3,2,2,2,2
646,13,1,22,1,40,1,0,0,0,0,0,1,1,5,-1,5,2,4,2,-1,-1,-1,-1,-1,-1,5,2,4,2,3,1,3,1
647,13,1,33,1,10,1,0,0,0,0,0,1,2,2,-1,2,4,1,4,-1,-1,-1,-1,-1,-1,2,4,1,4,1,3,1,3
648,13,2,20,4,15,0,0,1,0,0,0,0,1,3,-1,-1,-1,-1,-1,3,3,-1,-1,-1,-1,-1,-1,3,3,-1,-1,2,2
649,13,2,19,4,6,1,0,0,0,0,0,0,1,1,-1,-1,-1,-1,-1,3,3,-1,-1,-1,-1,-1,-1,3,3,-1,-1,2,2
650,13,2,19,4,6,1,0,0,0,0,0,0,1,1,-1,-1,-1,-1,-1,3,3,-1,-1,-1,-1,-1,-1,3,3,-1,-1,2,2
651,13,1,45,1,55,1,0,0,0,0,0,1,4,-1,2,-1,-1,-1,-1,-1,-1,4,3,4,3,4,3,4,3,3,2,3,2
652,13,1,24,1,10,1,0,1,0,0,0,0,1,6,-1,5,5,5,5,-1,-1,-1,-1,-1,-1,5,5,5,5,3,3,3,3
653,9,1,23,1,27,1,0,0,0,0,0,1,1,6,-1,-1,-1,-1,-1,-1,-1,-1,-1,-1,-1,-1,-1,-1,-1,-1,-1,-1,-1
654,13,1,53,1,25,1,0,0,0,0,0,1,3,-1,4,-1,-1,-1,-1,-1,-1,3,2,3,3,3,2,3,3,2,1,2,2
657,13,2,19,1,20,1,0,1,0,0,0,0,1,3,-1,1,5,5,1,-1,-1,-1,-1,-1,-1,1,5,5,1,1,3,3,1
658,13,1,20,1,15,1,0,0,0,0,0,1,1,2,-1,3,2,1,3,-1,-1,-1,-1,-1,-1,3,2,1,3,2,1,1,2
659,13,1,71,1,20,1,0,0,0,0,0,1,3,-1,4,-1,-1,-1,-1,-1,-1,3,3,3,3,3,3,3,3,2,2,2,2
660,13,2,62,1,45,1,1,0,0,0,0,0,3,-1,4,-1,-1,-1,-1,-1,-1,5,1,5,1,5,1,5,1,3,1,3,1
663,13,1,18,1,40,1,1,0,0,0,0,0,1,2,-1,3,2,2,3,-1,-1,-1,-1,-1,-1,3,2,2,3,2,1,1,2
666,13,2,19,1,35,1,0,0,0,0,0,1,1,2,-1,2,2,2,2,-1,-1,-1,-1,-1,-1,2,2,2,2,1,1,1,1
667,13,2,48,1,5,1,0,1,0,0,0,0,4,-1,4,-1,-1,-1,-1,-1,-1,1,5,1,5,1,5,1,5,1,3,1,3
668,13,2,19,4,10,1,0,0,0,0,0,0,1,2,-1,-1,-1,-1,-1,2,5,-1,-1,-1,-1,-1,-1,2,5,-1,-1,1,3
669,13,1,20,1,40,1,0,0,0,0,0,1,1,3,-1,3,2,2,2,-1,-1,-1,-1,-1,-1,3,2,2,2,2,1,1,1
670,13,2,22,1,8,1,1,0,0,0,0,0,1,4,-1,2,4,3,4,-1,-1,-1,-1,-1,-1,2,4,3,4,1,3,2,3
671,13,1,51,1,30,1,1,0,0,0,0,0,3,-1,2,-1,-1,-1,-1,-1,-1,3,2,4,1,3,2,4,1,2,1,3,1
672,13,2,20,1,30,1,0,0,0,0,0,1,1,3,-1,3,4,3,4,-1,-1,-1,-1,-1,-1,3,4,3,4,2,3,2,3
673,13,1,18,1,30,1,1,0,0,0,0,0,1,1,-1,3,4,3,4,-1,-1,-1,-1,-1,-1,3,4,3,4,2,3,2,3
675,13,2,65,1,20,1,1,0,0,0,0,0,3,-1,4,-1,-1,-1,-1,-1,-1,4,2,4,4,4,2,4,4,3,1,3,3
676,13,2,35,1,15,1,0,0,0,0,1,0,1,6,-1,3,5,3,5,-1,-1,-1,-1,-1,-1,3,5,3,5,2,3,2,3
677,13,1,23,1,35,1,0,0,0,0,0,1,1,6,-1,1,2,3,2,-1,-1,-1,-1,-1,-1,1,2,3,2,1,1,2,1
678,13,2,19,4,5,1,0,0,0,0,0,0,2,2,-1,-1,-1,-1,-1,3,3,-1,-1,-1,-1,-1,-1,3,3,-1,-1,2,2
679,13,4,21,1,60,1,0,0,0,0,0,1,1,6,-1,5,1,5,1,-1,-1,-1,-1,-1,-1,5,1,5,1,3,1,3,1
680,13,1,19,1,35,1,0,0,0,0,0,1,1,3,-1,4,1,4,5,-1,-1,-1,-1,-1,-1,4,1,4,5,3,1,3,3
681,13,2,19,4,8,1,0,0,0,0,0,0,1,2,-1,-1,-1,-1,-1,2,5,-1,-1,-1,-1,-1,-1,2,5,-1,-1,1,3
683,9,2,21,1,25,1,0,0,0,0,0,0,1,4,-1,-1,-1,-1,-1,-1,-1,-1,-1,-1,-1,-1,-1,-1,-1,-1,-1,-1,-1
684,13,2,19,1,7,1,0,0,0,0,0,1,1,2,-1,3,5,2,5,-1,-1,-1,-1,-1,-1,3,5,2,5,2,3,1,3
685,13,2,19,1,4,1,1,1,0,0,0,0,1,2,-1,3,3,3,3,-1,-1,-1,-1,-1,-1,3,3,3,3,2,2,2,2
686,13,2,19,1,15,1,1,0,0,0,0,0,1,2,-1,3,3,3,3,-1,-1,-1,-1,-1,-1,3,3,3,3,2,2,2,2
687,13,2,19,1,60,1,0,0,0,0,0,1,1,2,-1,3,5,5,5,-1,-1,-1,-1,-1,-1,3,5,5,5,2,3,3,3
688,13,1,49,1,45,1,0,0,0,0,0,1,3,-1,3,-1,-1,-1,-1,-1,-1,5,3,3,5,5,3,3,5,3,2,2,3
689,13,2,33,1,10,1,1,1,0,1,0,0,4,-1,2,-1,-1,-1,-1,-1,-1,2,5,2,4,2,5,2,4,1,3,1,3
690,13,1,61,1,15,1,0,0,0,0,0,1,3,-1,4,-1,-1,-1,-1,-1,-1,2,4,5,3,2,4,5,3,1,3,3,2
692,13,1,20,1,85,1,1,0,0,0,0,0,1,1,-1,2,1,3,3,-1,-1,-1,-1,-1,-1,2,1,3,3,1,1,2,2
693,13,2,22,1,45,1,0,0,0,0,0,1,1,5,-1,2,3,2,4,-1,-1,-1,-1,-1,-1,2,3,2,4,1,2,1,3
694,13,1,27,1,15,1,0,1,0,0,0,0,2,1,-1,4,1,4,2,-1,-1,-1,-1,-1,-1,4,1,4,2,3,1,3,1
695,13,1,62,1,15,1,0,0,0,0,0,1,3,-1,2,-1,-1,-1,-1,-1,-1,5,1,4,1,5,1,4,1,3,1,3,1
696,13,1,22,4,15,1,0,0,1,0,0,0,1,5,-1,-1,-1,-1,-1,3,3,-1,-1,-1,-1,-1,-1,3,3,-1,-1,2,2
